{
  "pj": [
    0.1429457664489746,
    0.28585195541381836,
    0.14284934103488922,
    0.5715664029121399,
    0.14294083416461945,
    0.14285191893577576,
    0.0,
    0.28566357493400574,
    0.2858235538005829,
    0.0,
    0.0,
    0.14278332889080048,
    0.0,
    0.28581851720809937,
    0.1427745670080185,
    0.285678893327713,
    0.2857353091239929,
    0.5714134573936462,
    0.28564441204071045,
    0.2857194244861603,
    0.714316725730896,
    0.14295125007629395,
    0.142846018075943,
    0.28570792078971863,
    0.42858296632766724,
    0.2856215834617615,
    0.5715574622154236,
    0.28576189279556274,
    0.5714470148086548,
    0.14284199476242065,
    0.1428133249282837,
    0.14285600185394287,
    0.14278632402420044,
    0.14279527962207794,
    0.28573790192604065,
    0.2857462465763092,
    0.0,
    0.28578105568885803,
    0.28574299812316895,
    0.5714770555496216,
    0.14286258816719055,
    0.5712506771087646,
    0.14286155998706818,
    0.0,
    0.0,
    0.4284769594669342,
    0.4283181428909302,
    0.28563404083251953,
    0.2857590317726135,
    0.0,
    0.1428711712360382,
    0.2859039604663849,
    0.2855302095413208,
    0.2856663167476654,
    0.7142890095710754,
    0.0,
    0.28562131524086,
    0.0,
    0.28575944900512695,
    0.14283426105976105,
    0.28591564297676086,
    0.14288072288036346,
    0.0,
    0.28560832142829895,
    0.14293448626995087,
    0.2855992615222931,
    0.5714964866638184,
    0.42861127853393555,
    0.5714734792709351,
    0.14290599524974823,
    0.28570857644081116,
    0.0,
    0.42847931385040283,
    0.14282600581645966,
    0.28565192222595215,
    0.0,
    0.14291059970855713,
    0.14295625686645508,
    0.42841222882270813,
    0.14286337792873383,
    0.0,
    0.2857004404067993,
    0.28576794266700745,
    0.14290082454681396,
    0.14288538694381714,
    0.14283272624015808,
    0.2856391966342926,
    0.4285019338130951,
    0.28593719005584717,
    0.1428203135728836,
    0.42858651280403137,
    0.2856810986995697,
    0.1428675651550293,
    0.14288248121738434,
    0.4285773038864136,
    0.2855496406555176,
    0.28577959537506104,
    0.28580498695373535,
    0.14279069006443024,
    0.5713516473770142
  ],
  "n": 100,
  "m": 3,
  "alpha": 0.25,
  "instance_seed": 42,
  "pj_seed": 42,
  "n_samples": 20000000,
  "elapsed_s": 15.785303354263306
}