{
  "0.25": [
    0.5,
    0.2,
    0.0,
    0.25,
    0.3333333333333333,
    0.5,
    0.3333333333333333,
    0.14285714285714285,
    0.3333333333333333,
    0.2857142857142857,
    0.0,
    0.0,
    0.5,
    0.5,
    0.5,
    0.5,
    0.0,
    0.0,
    0.4,
    0.0,
    0.0,
    0.0,
    0.3333333333333333,
    0.2,
    0.1,
    0.0,
    0.5,
    0.0,
    0.0,
    0.0,
    0.25,
    0.5,
    0.5,
    0.5,
    0.0,
    0.0,
    0.3333333333333333,
    0.0,
    0.5,
    0.0,
    0.0,
    0.0,
    0.5,
    0.0,
    0.42857142857142855,
    0.0,
    0.25,
    0.0,
    0.0,
    0.5,
    0.5,
    0.3333333333333333,
    0.25,
    0.0,
    0.25,
    0.0,
    0.5,
    0.4,
    0.5,
    0.0,
    0.0,
    0.3333333333333333,
    0.3333333333333333,
    0.0,
    0.0,
    0.5,
    0.5,
    0.0,
    0.5,
    0.16666666666666666,
    0.3333333333333333,
    0.3333333333333333,
    0.0,
    0.0,
    0.42857142857142855,
    0.5,
    0.5,
    0.5,
    0.5,
    0.0,
    0.3333333333333333,
    0.5,
    0.5,
    0.5,
    0.4,
    0.0,
    0.0,
    0.5,
    0.5,
    0.0,
    0.5,
    0.5,
    0.3333333333333333,
    0.3333333333333333,
    0.5,
    0.0,
    0.2,
    0.5,
    0.0,
    0.3333333333333333
  ],
  "0.3": [
    0.23417721518987347,
    0.2581699346405229,
    0.22333333333333333,
    0.4018987341772153,
    0.27710843373493976,
    0.2554517133956386,
    0.2990353697749196,
    0.31391585760517804,
    0.23722627737226276,
    0.25901639344262295,
    0.47800586510263926,
    0.2269736842105263,
    0.4192439862542955,
    0.3171641791044776,
    0.2679738562091503,
    0.15068493150684933,
    0.2079207920792079,
    0.28169014084507044,
    0.26996197718631176,
    0.44244604316546765,
    0.4140127388535032,
    0.3275862068965517,
    0.38461538461538464,
    0.27469135802469136,
    0.3592233009708738,
    0.31715210355987056,
    0.1917808219178082,
    0.19281045751633988,
    0.3191489361702128,
    0.3517241379310345,
    0.25838926174496646,
    0.26101694915254237,
    0.19256756756756754,
    0.3835616438356164,
    0.21951219512195122,
    0.2948717948717949,
    0.2696245733788396,
    0.34951456310679613,
    0.29966329966329963,
    0.3413793103448276,
    0.3666666666666667,
    0.21649484536082475,
    0.3052631578947368,
    0.4,
    0.21230769230769234,
    0.24913494809688583,
    0.329153605015674,
    0.4024767801857585,
    0.31901840490797545,
    0.2781456953642384,
    0.2964071856287425,
    0.38699690402476783,
    0.3444444444444445,
    0.35294117647058826,
    0.30030959752321984,
    0.23371647509578544,
    0.3226837060702875,
    0.3493589743589744,
    0.28880866425992774,
    0.33333333333333337,
    0.31353135313531355,
    0.2835820895522388,
    0.34285714285714286,
    0.28184281842818426,
    0.4576923076923076,
    0.3046594982078853,
    0.33540372670807456,
    0.3657142857142857,
    0.18815331010452963,
    0.21088435374149658,
    0.1904761904761905,
    0.27147766323024053,
    0.37086092715231783,
    0.26315789473684215,
    0.22448979591836737,
    0.2552552552552553,
    0.29180327868852457,
    0.1971326164874552,
    0.3219178082191781,
    0.2151898734177215,
    0.21130952380952378,
    0.363036303630363,
    0.29447852760736193,
    0.410828025477707,
    0.20567375886524825,
    0.22789115646258504,
    0.290625,
    0.3206997084548105,
    0.24600638977635783,
    0.22147651006711408,
    0.30819672131147535,
    0.3487654320987654,
    0.29581993569131837,
    0.25384615384615383,
    0.2564102564102564,
    0.3006134969325153,
    0.3096774193548387,
    0.28052805280528054,
    0.3859154929577464,
    0.3252595155709343
  ],
  "0.4": [
    0.3407006451785499,
    0.3167822555731165,
    0.3994390739815938,
    0.3562242683504059,
    0.4147933220248193,
    0.4311141407255927,
    0.4227259517582098,
    0.35621406022232355,
    0.383519265022968,
    0.34338460164743173,
    0.4178946053946054,
    0.38792364940836327,
    0.4132921492461256,
    0.4084839562471667,
    0.35694898677900255,
    0.35274818709128863,
    0.40686976444476264,
    0.4549648417768202,
    0.30667302532469265,
    0.36367085838768287,
    0.3706046007253075,
    0.361398251067922,
    0.3240234626502493,
    0.38624723716818116,
    0.3036233210279393,
    0.2949908314325328,
    0.35884268982948275,
    0.39247804011056975,
    0.3983601684199317,
    0.45070801218856427,
    0.4151644875014523,
    0.35578671156446745,
    0.43280079991112097,
    0.300248249949679,
    0.38593600700118774,
    0.38056787256268976,
    0.40988930482716723,
    0.3793366340185843,
    0.3946570442254188,
    0.4295650693981019,
    0.36025,
    0.35119074154979185,
    0.44361913988912216,
    0.3986171001062396,
    0.389968382875772,
    0.4321740416018924,
    0.3685982325191507,
    0.47054857520472226,
    0.37435649719788355,
    0.3835014636443189,
    0.31512967591081625,
    0.35722626626877424,
    0.375567467289803,
    0.37603745572925984,
    0.3263536331964387,
    0.3260984222053368,
    0.3760329471041746,
    0.3980695823367229,
    0.34722222222222227,
    0.3745221908385384,
    0.3565205353434764,
    0.36121830762847595,
    0.37063252877366504,
    0.35834148040016606,
    0.4381709830629985,
    0.3392378963153385,
    0.3996622408572094,
    0.35196758587108506,
    0.42132908377883915,
    0.385997496848791,
    0.34712799739172767,
    0.3407141680871992,
    0.4231530845392232,
    0.4028498623265694,
    0.4398783701239929,
    0.3875453851203794,
    0.4754756494229827,
    0.4134999597736598,
    0.3433970207543958,
    0.3760328183176153,
    0.34481382448018516,
    0.3551503436234795,
    0.474079249068501,
    0.400694017354923,
    0.35746130140940136,
    0.34665807197314896,
    0.36956531484079774,
    0.34711754284974805,
    0.3646063626903202,
    0.3428626119007661,
    0.3748130288214676,
    0.3555395222061889,
    0.38463765533829236,
    0.3325211421660605,
    0.41292429825029814,
    0.3561412521498291,
    0.42176278660792793,
    0.3795217385510002,
    0.3730236562193536,
    0.30445932469012676
  ],